<?xml version="1.0" encoding="UTF-8"?>
<project xmlns:xsi="http://www.w3.org/2001/XMLSchema-instance" name="Account"
         xmlns="http://maven.apache.org/DECORATION/1.0.0"
         xsi:schemaLocation="http://maven.apache.org/DECORATION/1.0.0 http://maven.apache.org/xsd/decoration-1.0.0.xsd">
    <!--<bannerLeft>
        &lt;!&ndash; 左上角图片 &ndash;&gt;
        <name>maven</name>
        <src>images/apache-maven-project.png</src>
        <href>http://projects.apache.org/</href>
    </bannerLeft>
    <bannerRight>
        &lt;!&ndash; 右上角图片 &ndash;&gt;
        <name>java</name>
        <src>images/java_logo.jpg</src>
        <href>http://www.java.com</href>
    </bannerRight>-->
    <!-- 版本信息放在右边 -->
    <version position="right"/>
    <!-- 发布信息放在右边 -->
    <publishDate position="right"/>
    <body>
        <breadcrumbs>
            <!-- 横条链接 -->
            <item name="blog" href="http://blog.csdn.net/xiaohulunb"/>
            <item name="GitHub" href="https://github.com/xiaohulu"/>
        </breadcrumbs>
        <menu ref="parent"/>
        <!-- 项目信息报告 inherit表示子模块继承父模块-->
        <menu ref="reports" inherit="top">

        </menu>
    </body>
    <skin>
        <groupId>org.apache.maven.skins</groupId>
        <artifactId>maven-fluido-skin</artifactId>
        <version>1.3.1</version>
    </skin>
</project>